name,address,lat,lon,Website,Google Categories,Place ID,Status,profile_url,osm_id,fclass,county,COUNTYFP,house_number,street,city,zipcode,full_address,Unnamed: 0,latitude,longitude,oid,geoid,state,farm_id,farm_name,street_address,zip_code,latitude_1,date_collected,website,geometry,index_right,MTFCC,OID,GEOID,STATE,COUNTY,COUNTYNS,BASENAME,NAME,LSADC,FUNCSTAT,COUNTYCC,AREALAND,AREAWATER,OBJECTID,CENTLAT,CENTLON,INTPTLAT,INTPTLON
Elmwood Farm,"1014 Nolte Dr, Dallas, TX 75208, USA",32.733665,-96.839587,https://www.elmwoodfarm.co/,"establishment, point_of_interest",ChIJU0-cis2bToYRyZtlm5ZeI_o,Pending Review,,,,,,,,,,,,,,,,,,,,,,,,,,,,,,,,,,,,,,,,,,,
Joppy Momma's Farm,"7728 Carbondale St, Dallas, TX 75216, USA",32.7167069,-96.7508318,https://joppymommas.org/,"establishment, point_of_interest",ChIJ83XUCMSXToYRGSEJdqmd8Qo,Pending Review,,,,,,,,,,,,,,,,,,,,,,,,,,,,,,,,,,,,,,,,,,,
Hatcher Station Training Farm,"4500 Todd St, Dallas, TX 75210, USA",32.766178,-96.7441991,http://www.restorativefarms.org/,"establishment, point_of_interest",ChIJIUgpTvSjToYRBuHzeEgdWuw,Pending Review,,,,,,,,,,,,,,,,,,,,,,,,,,,,,,,,,,,,,,,,,,,
Hunnicut Farm,"6532 Hunnicut Rd, Dallas, TX 75227, USA",32.779563,-96.7196785,Not listed,"establishment, point_of_interest",ChIJtytHsQ6jToYR1hwp3WaBf5E,Pending Review,,,,,,,,,,,,,,,,,,,,,,,,,,,,,,,,,,,,,,,,,,,
Bonton Farms,"6911 Bexar St, Dallas, TX 75215, USA",32.73473450000001,-96.7537576,http://bontonfarms.org/,"establishment, point_of_interest",ChIJn7-J6wuYToYRL2NAvMPqb8k,Pending Review,,,,,,,,,,,,,,,,,,,,,,,,,,,,,,,,,,,,,,,,,,,
Deep Ellum Urban Gardens,"403 S Good Latimer Expy, Dallas, TX 75226, USA",32.7812813,-96.7861767,https://m.facebook.com/Deepellumurbangardens/,"establishment, point_of_interest",ChIJ_dWKR-eYToYRZZFq0tCCTic,Pending Review,,,,,,,,,,,,,,,,,,,,,,,,,,,,,,,,,,,,,,,,,,,
Samuell Farm,"100 US-80, Mesquite, TX 75149, USA",32.7860749,-96.5842866,https://www.dallasparks.org/Facilities/Facility/Details/Samuell-East-Farm-648,"establishment, park, point_of_interest",ChIJ-ShZu4-lToYRcylZzhNHz30,Pending Review,,,,,,,,,,,,,,,,,,,,,,,,,,,,,,,,,,,,,,,,,,,
Texas Trees Foundation Urban Tree Farm,"Parking, 12800 Abrams Rd Lot D, Dallas, TX 75243, USA",32.9230424,-96.7347579,http://www.texastrees.org/,"establishment, point_of_interest",ChIJ4R0VoJMfTIYRYMVp1N9VnRI,Pending Review,,,,,,,,,,,,,,,,,,,,,,,,,,,,,,,,,,,,,,,,,,,
Bonton Farms Extension,"12400 Ravenview Rd, Dallas, TX 75253, USA",32.694169,-96.603067,http://www.bontonfarms.org/,"establishment, point_of_interest",ChIJg91ZoOy6ToYRO4ne1iLt44A,Pending Review,,,,,,,,,,,,,,,,,,,,,,,,,,,,,,,,,,,,,,,,,,,
Wylie Urban Farm & Market,"2315 E Stone Rd, Wylie, TX 75098, USA",33.0064287,-96.500148,https://wylieurbanfarmmarket.com/,"establishment, point_of_interest",ChIJEbK9ztUFTIYREApXtQ9LFag,Pending Review,,,,,,,,,,,,,,,,,,,,,,,,,,,,,,,,,,,,,,,,,,,
The Giving Garden at Jacob's Reward Farm,"4308 Church Ln, Parker, TX 75002, USA",33.0597198,-96.621203,http://the-giving-garden.org/,"establishment, food, point_of_interest, store",ChIJiY2TX_UaTIYR3Akecl12Amw,Pending Review,,,,,,,,,,,,,,,,,,,,,,,,,,,,,,,,,,,,,,,,,,,
Gardner Brother Farms,"2636 Walnut Hill Ln, Dallas, TX 75220, USA",32.8792981,-96.8890047,Not listed,"establishment, point_of_interest",ChIJez7OWr-YToYRxegAA6upHTs,Pending Review,,,,,,,,,,,,,,,,,,,,,,,,,,,,,,,,,,,,,,,,,,,
Urban Alpacas,"18492 Farm to Market Rd 2755, Royse City, TX 75189, USA",32.99650099999999,-96.417924,http://www.urbanalpaca.farm/,"establishment, point_of_interest",ChIJe8-ZJa4ATIYRcQQR2MJziMk,Pending Review,,,,,,,,,,,,,,,,,,,,,,,,,,,,,,,,,,,,,,,,,,,
Blase Family Farm,"1232 E Fork Rd, Rockwall, TX 75087, USA",32.9427778,-96.4733333,https://www.blasefamilyfarm.com/,"establishment, point_of_interest",ChIJS1wbHJcBTIYRSMDVZUnxDgI,Pending Review,,,,,,,,,,,,,,,,,,,,,,,,,,,,,,,,,,,,,,,,,,,
Dallas Farmers Market,"920 S Harwood St, Dallas, TX 75201, USA",32.7775406,-96.7900636,http://www.dallasfarmersmarket.org/,"establishment, food, point_of_interest, restaurant, shopping_mall",ChIJwfu5e-GYToYRikmj_Cz3-bw,Pending Review,,,,,,,,,,,,,,,,,,,,,,,,,,,,,,,,,,,,,,,,,,,
USDA Urban Service Center - Agriculture,"3102 Maple Ave #100, Dallas, TX 75201, USA",32.7991514,-96.8079183,http://www.farmers.gov/,"establishment, point_of_interest",ChIJISCregCZToYRzzcb9vhUGyk,Pending Review,,,,,,,,,,,,,,,,,,,,,,,,,,,,,,,,,,,,,,,,,,,
Eden's Organic Garden Center & CSA Farm,"4710 Pioneer Rd, Balch Springs, TX 75180, USA",32.7058244,-96.6053968,http://www.edensorganicgardencenter.com/,"establishment, point_of_interest, store",ChIJ45xm7cC6ToYRjG_NnSXH-Fs,Pending Review,,,,,,,,,,,,,,,,,,,,,,,,,,,,,,,,,,,,,,,,,,,
Taylor Farms,"1171 N Cockrell Hill Rd, Dallas, TX 75211, USA",32.7507433,-96.8922056,http://www.taylorfarms.com/,"establishment, point_of_interest, storage",ChIJVVVVVeWaToYRdoYkAeK_Tsw,Pending Review,,,,,,,,,,,,,,,,,,,,,,,,,,,,,,,,,,,,,,,,,,,
Market Provisions,"1451 John West Rd, Dallas, TX 75228, USA",32.8076164,-96.6928087,http://marketprovisions.org/,"establishment, food, point_of_interest, store",ChIJvbUKj-GYToYRepfkgxFKEIA,Pending Review,,,,,,,,,,,,,,,,,,,,,,,,,,,,,,,,,,,,,,,,,,,
The Cedar Market Ranch,"2434 S Harwood St, Dallas, TX 75215, USA",32.7683924,-96.7798233,http://www.thecedarmarketranch.com/,"establishment, food, grocery_or_supermarket, point_of_interest, store",ChIJ9YuRq2mZToYRuLnANkPP3Kg,Pending Review,,,,,,,,,,,,,,,,,,,,,,,,,,,,,,,,,,,,,,,,,,,
Dallas Market Hall,"2200 N Stemmons Fwy, Dallas, TX 75207, USA",32.8032476,-96.8293608,http://www.dallasmarketcenter.com/public,"establishment, point_of_interest",ChIJMaduqayeToYRo1l_G4XUTII,Pending Review,,,,,,,,,,,,,,,,,,,,,,,,,,,,,,,,,,,,,,,,,,,
Georgia's Farmer's Market,"916 E 15th St, Plano, TX 75074, USA",33.0195431,-96.7021415,Not listed,"establishment, food, grocery_or_supermarket, point_of_interest, store",ChIJR15abxwZTIYR84hGCkchrjI,Pending Review,,,,,,,,,,,,,,,,,,,,,,,,,,,,,,,,,,,,,,,,,,,
The Garden Dallas,"111 Oak Lawn Ave, Dallas, TX 75207, USA",32.7903968,-96.8250878,http://thegardendallas.com/,"bar, establishment, food, point_of_interest, restaurant",ChIJV00_kFeZToYREkF9vL-gsyc,Pending Review,,,,,,,,,,,,,,,,,,,,,,,,,,,,,,,,,,,,,,,,,,,
Ruibal's Plants of Texas,"601 S Pearl Expy, Dallas, TX 75201, USA",32.778552,-96.7905,http://ruibals.com/,"establishment, florist, point_of_interest, store",ChIJD32EM-CYToYRyYbVi5DML3c,Pending Review,,,,,,,,,,,,,,,,,,,,,,,,,,,,,,,,,,,,,,,,,,,
Main Street Garden Park,"1902 Main St, Dallas, TX 75201, USA",32.7811695,-96.7948469,http://mainstreetgarden.org/,"establishment, park, point_of_interest, tourist_attraction",ChIJRfzcnR-ZToYRg8yt9Ky1Hww,Pending Review,,,,,,,,,,,,,,,,,,,,,,,,,,,,,,,,,,,,,,,,,,,
Paul Quinn Farmers Market,"3837 Simpson Stuart Rd, Dallas, TX 75241, USA",32.6789702,-96.7558858,https://paulquinn.edu/we-me-farm/,"establishment, point_of_interest",ChIJ46B6P9GXToYRSvg_O9nUL6U,Pending Review,,,,,,,,,,,,,,,,,,,,,,,,,,,,,,,,,,,,,,,,,,,
Dallas Market Center,"2100 N Stemmons Fwy, Dallas, TX 75207, USA",32.8026898,-96.8260991,http://dallasmarketcenter.com/,"establishment, point_of_interest",ChIJccUIplKZToYR_FqApPa6YIM,Pending Review,,,,,,,,,,,,,,,,,,,,,,,,,,,,,,,,,,,,,,,,,,,
World Trade Center,"2050 N Stemmons Fwy, Dallas, TX 75207, USA",32.8036356,-96.8237485,https://www.dallasmarketcenter.com/,"establishment, point_of_interest",ChIJe2osU62eToYREM2vmDQbrc8,Pending Review,,,,,,,,,,,,,,,,,,,,,,,,,,,,,,,,,,,,,,,,,,,
Farmer's Delite,"440 S Hampton Rd, DeSoto, TX 75115, USA",32.58298,-96.856576,https://www.facebook.com/FarmersDelite/,"establishment, food, grocery_or_supermarket, point_of_interest, store",ChIJc2fQCaKTToYRlaEgSo-CoJc,Pending Review,,,,,,,,,,,,,,,,,,,,,,,,,,,,,,,,,,,,,,,,,,,
Energy Gardens Terrariums,"3116 Commerce St Ste C, Dallas, TX 75226, USA",32.7840317,-96.7778207,http://www.energygardens.shop/,"establishment, point_of_interest",ChIJzaWwgo6ZToYRs8WEUoivx_E,Pending Review,,,,,,,,,,,,,,,,,,,,,,,,,,,,,,,,,,,,,,,,,,,
Stone Street Gardens,"1520 Elm St #201, Dallas, TX 75201, USA",32.7813827,-96.7986925,Not listed,"establishment, park, point_of_interest",ChIJsS4UoxiZToYRvnXeYw5B6n4,Pending Review,,,,,,,,,,,,,,,,,,,,,,,,,,,,,,,,,,,,,,,,,,,
East Dallas Community Garden,"1416 N Fitzhugh Ave, Dallas, TX 75204, USA",32.8045316,-96.7742119,Not listed,"establishment, park, point_of_interest",ChIJ9WgmPcuYToYRP3-VODR1iUE,Pending Review,,,,,,,,,,,,,,,,,,,,,,,,,,,,,,,,,,,,,,,,,,,
Civic Garden,"1014 Main St, Dallas, TX 75202, USA",32.7795971,-96.8022293,https://parksfordowntowndallas.org/civic-garden/,"establishment, park, point_of_interest, tourist_attraction",ChIJSWNvMBiZToYRXM9CJnt6X2E,Pending Review,,,,,,,,,,,,,,,,,,,,,,,,,,,,,,,,,,,,,,,,,,,
Talise Microgreens LLC,"17811 Davenport Rd suite 52, Dallas, TX 75252, USA",32.9916954,-96.7947044,Not listed,"establishment, point_of_interest",ChIJG_SzingjTIYRtde756JMl9E,Pending Review,,,,,,,,,,,,,,,,,,,,,,,,,,,,,,,,,,,,,,,,,,,
BFF Agriculture,"6700 Co Rd 239, Terrell, TX 75160, USA",32.7621535,-96.3587934,http://breedenfreshfarms.com/,"establishment, point_of_interest",ChIJ302REfhTSYYRMPKOEOwZO7Y,Pending Review,,,,,,,,,,,,,,,,,,,,,,,,,,,,,,,,,,,,,,,,,,,
Abundant Harvest Hydroponics & Organics,"3101 Avenue E, Arlington, TX 76011, USA",32.7571817,-97.0521129,http://www.abhydro.com/,"establishment, point_of_interest, store",ChIJJ-LSKgOHToYRsyQ6k9vLiLE,Pending Review,,,,,,,,,,,,,,,,,,,,,,,,,,,,,,,,,,,,,,,,,,,
Hort Americas - Wholesale Hydroponic Farming Supply Company in Dallas,"2801 Renee St, Bedford, TX 76021, USA",32.851105,-97.100908,http://hortamericas.com/,"establishment, food, point_of_interest",ChIJ1Qx59tx_ToYR4gLp_420YQM,Pending Review,,,,,,,,,,,,,,,,,,,,,,,,,,,,,,,,,,,,,,,,,,,
World of Organics Garden Supply,"230 W Parker Rd #180c, Plano, TX 75075, USA",33.0395465,-96.7081954,https://worldoforganicsandhydroponics.com/,"establishment, food, point_of_interest, store",ChIJv2w4-C8fTIYRPKQaz6pGZTI,Pending Review,,,,,,,,,,,,,,,,,,,,,,,,,,,,,,,,,,,,,,,,,,,
"Texas Green Star, LLC","4122 Cowling Rd, Sanger, TX 76266, USA",33.3213005,-97.1735839,http://www.texasgreenstar.com/,"establishment, point_of_interest",ChIJJV98t2-zTYYRu1SyCH40mD4,Pending Review,,,,,,,,,,,,,,,,,,,,,,,,,,,,,,,,,,,,,,,,,,,
Gardenuity,"2222 Vantage St, Dallas, TX 75207, USA",32.7993729,-96.8339266,https://www.gardenuity.com/?y_source=1_MTIwNjA4NjAtNzE1LWxvY2F0aW9uLndlYnNpdGU=,"establishment, home_goods_store, point_of_interest, store",ChIJdfEPzc2eToYRCwgP3VJMAA4,Pending Review,,,,,,,,,,,,,,,,,,,,,,,,,,,,,,,,,,,,,,,,,,,
Green Grow Rooms,"8339 Hoyle Ave, Dallas, TX 75227, USA",32.7747592,-96.6764068,https://greengrowrooms.com/,"establishment, point_of_interest",ChIJtTrOimyjToYRMyMrhvXWWiQ,Pending Review,,,,,,,,,,,,,,,,,,,,,,,,,,,,,,,,,,,,,,,,,,,
New Life Farms,"9811 Travis Trail, Dallas, TX 75241, USA",32.631323,-96.756804,http://www.newlifefarms.org/,"establishment, point_of_interest",ChIJnXKkiCGXToYRSG8r-lki7-I,Pending Review,,,,,,,,,,,,,,,,,,,,,,,,,,,,,,,,,,,,,,,,,,,
Boterna Vertical Farms,"1512 I-35W Ste 108, Denton, TX 76207, USA",33.1985646,-97.1682651,http://www.boterna.com/,"establishment, point_of_interest",ChIJeQq1sarLTYYRjavIXeSiIk8,Pending Review,,,,,,,,,,,,,,,,,,,,,,,,,,,,,,,,,,,,,,,,,,,
North Haven Gardens,"7700 Northaven Rd, Dallas, TX 75230, USA",32.90013,-96.77556,https://www.nhg.com/,"establishment, point_of_interest, store",ChIJk-Y0CnQgTIYRIk80cUbLr7g,Pending Review,,,,,,,,,,,,,,,,,,,,,,,,,,,,,,,,,,,,,,,,,,,
Plantkeeper Inc. / Scape Supply Co.,"2211 N Beckley Ave, Dallas, TX 75208, USA",32.7702777,-96.8234675,https://plantkeeperinc.com/,"establishment, point_of_interest",ChIJQU_gbfQnTIYRas0sKA0Af8k,Pending Review,,,,,,,,,,,,,,,,,,,,,,,,,,,,,,,,,,,,,,,,,,,
"Honey Locust Farms, LLC","4571 TX-276, Rockwall, TX 75032, USA",32.9040706,-96.3798526,http://www.honeylocustfarms.org/,"clothing_store, establishment, point_of_interest, store",ChIJ-4tvi39VSYYR9k0VRtne_nU,Pending Review,,,,,,,,,,,,,,,,,,,,,,,,,,,,,,,,,,,,,,,,,,,
The Green Branch,"5530 Parkdale Dr, Dallas, TX 75227, USA",32.779826,-96.7255969,Not listed,"establishment, point_of_interest",ChIJQ4wwLEKiToYRclX_gaz9nH0,Pending Review,,,,,,,,,,,,,,,,,,,,,,,,,,,,,,,,,,,,,,,,,,,
Green Phoenix Farms,"900 N Walnut Creek Dr, Mansfield, TX 76063, USA",32.5773172,-97.1321099,Not listed,"establishment, point_of_interest",ChIJAQCQyKZhToYRCaAaXH47LWw,Pending Review,,,,,,,,,,,,,,,,,,,,,,,,,,,,,,,,,,,,,,,,,,,
"Bumper Crop Farms Country Store/ H2O Water Works, Inc.","6599 FM 1886, Azle, TX 76020, USA",32.8289892,-97.6241123,Not listed,"establishment, point_of_interest",ChIJUz79vegHToYRKOv4gRqTNNw,Pending Review,,,,,,,,,,,,,,,,,,,,,,,,,,,,,,,,,,,,,,,,,,,
Timberview Farmstead,"4274 Timberview Dr, Fort Worth, TX 76140, USA",32.6272985,-97.2538744,https://timberviewfarmstead.com/,"establishment, point_of_interest",ChIJx4GSMu5lToYRnRIqii1H1GQ,Pending Review,,,,,,,,,,,,,,,,,,,,,,,,,,,,,,,,,,,,,,,,,,,
True Aquaponics,"329 Vz County Rd 1323, Canton, TX 75103, USA",32.548777,-95.763597,http://trueaquaponics.com/store,"establishment, point_of_interest",ChIJpQmOT_oKSYYR3GKPRc7m4-U,Pending Review,,,,,,,,,,,,,,,,,,,,,,,,,,,,,,,,,,,,,,,,,,,
Vickery Wholesale Greenhouse,"4911 E Grand Ave, Dallas, TX 75223, USA",32.7875539,-96.7544595,http://www.vickerygreenhouse.com/,"establishment, florist, food, point_of_interest, store",ChIJo01meaGYToYRdxtYLC1AwyU,Pending Review,,,,,,,,,,,,,,,,,,,,,,,,,,,,,,,,,,,,,,,,,,,
Gotham Greens Seagoville,"800 Environmental Way, Seagoville, TX 75159, USA",32.6460278,-96.5635523,https://www.gothamgreens.com/,"establishment, food, point_of_interest",ChIJA24ItduxToYRq4cIV-6Kv8w,Pending Review,,,,,,,,,,,,,,,,,,,,,,,,,,,,,,,,,,,,,,,,,,,
Jacksons Home & Garden,"6950 Lemmon Ave, Dallas, TX 75209, USA",32.8429693,-96.8337923,http://www.jacksonshg.com/,"establishment, food, furniture_store, home_goods_store, point_of_interest, store",ChIJWXVJk4GeToYRb1dlQuytDnU,Pending Review,,,,,,,,,,,,,,,,,,,,,,,,,,,,,,,,,,,,,,,,,,,
Rolke Greenhouses,"1908 S Hampton Rd, Glenn Heights, TX 75154, USA",32.5545143,-96.8561534,http://www.rolkegreenhouses.com/,"establishment, food, general_contractor, point_of_interest, store",ChIJmxA3mWqTToYRzYJZW5avcNo,Pending Review,,,,,,,,,,,,,,,,,,,,,,,,,,,,,,,,,,,,,,,,,,,
Doan's Nursery Inc,"622 S Belt Line Rd, Irving, TX 75060, USA",32.8081459,-96.9936159,https://doans-nursery.com/,"establishment, point_of_interest",ChIJ8R-qBe-DToYRP8d9GBzbjQE,Pending Review,,,,,,,,,,,,,,,,,,,,,,,,,,,,,,,,,,,,,,,,,,,
Cox Farms Nursery,"110 Azalea Ln, Duncanville, TX 75137, USA",32.6401328,-96.9077066,http://coxfarmsmarket.com/,"establishment, point_of_interest",ChIJ4ZgN3NCRToYR6BAc17fqj8g,Pending Review,,,,,,,,,,,,,,,,,,,,,,,,,,,,,,,,,,,,,,,,,,,
Mars Hill Farm,"1604 Mars Rd, Ferris, TX 75125, USA",32.5880891,-96.6426047,http://www.marshillfarm.com/,"establishment, point_of_interest",ChIJFep8-N25ToYRpMVbm_1nTnI,Pending Review,,,,,,,,,,,,,,,,,,,,,,,,,,,,,,,,,,,,,,,,,,,
Green Acres Nursery & Supply,"2800 Ranch Trail, Irving, TX 75063, USA",32.9239542,-96.9843529,http://www.idiggreenacres.com/,"establishment, furniture_store, home_goods_store, point_of_interest, store",ChIJP8dF1LApTIYRQ7zgyhve7co,Pending Review,,,,,,,,,,,,,,,,,,,,,,,,,,,,,,,,,,,,,,,,,,,
Oasis Plant Shop,"416 W Eighth St, Dallas, TX 75208, USA",32.7478714,-96.8291397,http://oasisplantshop.com/,"establishment, food, furniture_store, general_contractor, home_goods_store, point_of_interest, store",ChIJ5Vbb68SZToYROPydCKnnE-k,Pending Review,,,,,,,,,,,,,,,,,,,,,,,,,,,,,,,,,,,,,,,,,,,
Phuong's Nursery & Home Decor,"4022 Broadway Blvd, Garland, TX 75043, USA",32.8647409,-96.6039341,http://phuongsnursery.com/,"establishment, point_of_interest",ChIJvUDAIrSnToYRQnl6xRhqkak,Pending Review,,,,,,,,,,,,,,,,,,,,,,,,,,,,,,,,,,,,,,,,,,,
DFW Vertical Farms LLC ( LVLUP MICRO),"7800 Windrose Ave. #200, Plano, TX 75024, USA",33.083161,-96.8258615,https://www.lvlupmicro.com/,"establishment, point_of_interest",ChIJsfs-tcc9TIYRuXCcFbaLg1s,Pending Review,,,,,,,,,,,,,,,,,,,,,,,,,,,,,,,,,,,,,,,,,,,
Texas Vertical Farming,"116 Randy Rd, Waxahachie, TX 75165, USA",32.4774247,-96.8025513,Not listed,"establishment, point_of_interest",ChIJI4K3aqDrToYR9Pling03mQI,Pending Review,,,,,,,,,,,,,,,,,,,,,,,,,,,,,,,,,,,,,,,,,,,
Huddin Homestead Fun Farm,"1666 FM1141, Rockwall, TX 75087, USA",32.944298,-96.4371502,http://www.huddinfarm.com/,"establishment, point_of_interest",ChIJcUZRYOUBTIYRzAcgUZY-Z5c,Pending Review,,,,,,,,,,,,,,,,,,,,,,,,,,,,,,,,,,,,,,,,,,,
Nash Farm,"626 Ball St, Grapevine, TX 76051, USA",32.9343836,-97.0856824,http://www.nashfarm.org/,"establishment, point_of_interest",ChIJ46rrJi4rTIYR3jEYk1ZjK_M,Pending Review,,,,,,,,,,,,,,,,,,,,,,,,,,,,,,,,,,,,,,,,,,,
Dallas Organic BlackBerry Farm,"345 E Wheatland Rd, Dallas, TX 75241, USA",32.6478576,-96.8176719,https://dallasorganicblackberries.com/,"establishment, food, point_of_interest, store",ChIJDUF4GwCXToYRzK-bhkE2fGc,Pending Review,,,,,,,,,,,,,,,,,,,,,,,,,,,,,,,,,,,,,,,,,,,
Heritage Farmstead Museum,"1900 W 15th St, Plano, TX 75075, USA",33.0187659,-96.7316752,http://www.heritagefarmstead.org/,"establishment, museum, park, point_of_interest, tourist_attraction",ChIJnTGkVpIYTIYRgPkEp770s_c,Pending Review,,,,,,,,,,,,,,,,,,,,,,,,,,,,,,,,,,,,,,,,,,,
OHM Microgreens,"5931 Greenville Ave PMB 3054, Dallas, TX 75206, USA",32.8578397,-96.7689155,https://ohmmicrogreens.com/,"establishment, point_of_interest",ChIJn1qHJmqfToYRfSBGcZ6MFGk,Pending Review,,,,,,,,,,,,,,,,,,,,,,,,,,,,,,,,,,,,,,,,,,,
Paw Paw's Pickle Farm,"118 Fallbrook Dr, Murphy, TX 75094, USA",33.0076941,-96.6115644,http://www.pawpawspicklefarm.com/,"establishment, point_of_interest",ChIJN3HKPg0bTIYRAS1bOeZ9GA0,Pending Review,,,,,,,,,,,,,,,,,,,,,,,,,,,,,,,,,,,,,,,,,,,
"Trinity Smart Farms, LLC","8711 Ferndale Rd, Dallas, TX 75238, USA",32.8673599,-96.7114811,https://trinity-smart-farms.localline.ca/retail,"establishment, food, grocery_or_supermarket, point_of_interest, store",ChIJDVoL_56hToYRjkPryZsyc1A,Pending Review,,,,,,,,,,,,,,,,,,,,,,,,,,,,,,,,,,,,,,,,,,,
St. Michaels Farmers Market,"4344 Colgate Ave, Dallas, TX 75225, USA",32.8606004,-96.8104895,http://saintmichaelsmarket.com/,"establishment, point_of_interest",ChIJOXdjUUOeToYRkA-chDfZ6aY,Pending Review,,,,,,,,,,,,,,,,,,,,,,,,,,,,,,,,,,,,,,,,,,,
Lean and Clean Microgreens,"200 Rocky Pine Rd, McKinney, TX 75070, USA",33.2020117,-96.7599174,Not listed,"establishment, point_of_interest",ChIJLejUJFM_TIYRr945HKHKZ2s,Pending Review,,,,,,,,,,,,,,,,,,,,,,,,,,,,,,,,,,,,,,,,,,,
VertAscent Fresh Microgreens,"3104 Briarwood Ln, Frisco, TX 75034, USA",33.1052777,-96.8339365,https://vertascentfresh.com/,"establishment, food, health, point_of_interest, store",ChIJxSTv6Kc9TIYRjsWMvKNKGWw,Pending Review,,,,,,,,,,,,,,,,,,,,,,,,,,,,,,,,,,,,,,,,,,,
Sprouts Farmers Market,"6465 E Mockingbird Ln, Dallas, TX 75214, USA",32.837743,-96.751481,https://www.sprouts.com/store/tx/dallas/160-hillside-dallas/,"establishment, food, grocery_or_supermarket, health, point_of_interest, store, supermarket",ChIJMa6cLFKfToYRXRlO6-HG01M,Pending Review,,,,,,,,,,,,,,,,,,,,,,,,,,,,,,,,,,,,,,,,,,,
Frisco Fresh Market,"9215 John W. Elliott Dr, Frisco, TX 75033, USA",33.1546048,-96.830646,https://friscofreshmarket.com/,"establishment, point_of_interest",ChIJn5TQq-k8TIYRBOdp94Clf8E,Pending Review,,,,,,,,,,,,,,,,,,,,,,,,,,,,,,,,,,,,,,,,,,,
Natural Grocers,"9440 Garland Rd, Dallas, TX 75218, USA",32.831748,-96.7011843,https://www.naturalgrocers.com/store/dallas-casa-linda,"establishment, food, grocery_or_supermarket, health, point_of_interest, store, supermarket",ChIJWxWpOQuhToYRXIaOXQib2JM,Pending Review,,,,,,,,,,,,,,,,,,,,,,,,,,,,,,,,,,,,,,,,,,,
Owenwood Farm & Neighbor Space,"1451 John West Rd, Dallas, TX 75228, USA",32.80732620000001,-96.6929134,http://www.owenwood.org/,"establishment, point_of_interest",ChIJGYwr_tijToYR1wY2UtF-5NI,Pending Review,,,,,,,,,,,,,,,,,,,,,,,,,,,,,,,,,,,,,,,,,,,
Squeezepenny Sustainable Farm,"3723 County Rd 412, McKinney, TX 75071, USA",33.2599532,-96.5409419,Not listed,"establishment, point_of_interest",ChIJL4OB_3ANTIYRga59pga1z1Y,Pending Review,,,,,,,,,,,,,,,,,,,,,,,,,,,,,,,,,,,,,,,,,,,
Red Moon Farm,"1484 VZ County Rd 1505, Van, TX 75790, USA",32.5530912,-95.6431254,http://redmoonfarmtx.com/,"establishment, point_of_interest",ChIJvwfSdymiSYYRrB7i8DcziCg,Pending Review,,,,,,,,,,,,,,,,,,,,,,,,,,,,,,,,,,,,,,,,,,,
Pawpaws Produce & Co,"2220 E Ledbetter Dr, Dallas, TX 75216, USA",32.686718,-96.786526,Not listed,"establishment, point_of_interest",ChIJO_lTzoGXToYR4R0ZbTZr3Mg,Pending Review,,,,,,,,,,,,,,,,,,,,,,,,,,,,,,,,,,,,,,,,,,,
Keeper Flower Farm,"270 Winningkoff Rd, Lucas, TX 75002, USA",33.0891602,-96.5680997,http://www.keeperflowerfarm.com/,"establishment, point_of_interest",ChIJ-9EeN8APTIYRoL3HHeOlacg,Pending Review,,,,,,,,,,,,,,,,,,,,,,,,,,,,,,,,,,,,,,,,,,,
The Rose Gardens of Farmers Branch,"2610 Valley View Ln, Farmers Branch, TX 75234, USA",32.9234372,-96.8909116,https://www.farmersbranchtx.gov/364/Coming-Up-Roses,"establishment, point_of_interest, tourist_attraction",ChIJKxnsQ7onTIYReRFQsxO2wfw,Pending Review,,,,,,,,,,,,,,,,,,,,,,,,,,,,,,,,,,,,,,,,,,,
One Love Farms,"9210 Mountain Cabin Rd, Dallas, TX 75217, USA",32.6942743,-96.6618798,http://www.oneloveroseandgardens.com/,"establishment, point_of_interest",ChIJnX2Vq2C7ToYR1E0ih6TRzU8,Pending Review,,,,,,,,,,,,,,,,,,,,,,,,,,,,,,,,,,,,,,,,,,,
Abundant Flower Farm,"8470 W FM 545, Blue Ridge, TX 75424, USA",33.2976934,-96.4555049,http://www.abundantflowerfarm.com/,"establishment, florist, food, point_of_interest, store",ChIJpZ0x_d91TIYRuJIZExAVkNs,Pending Review,,,,,,,,,,,,,,,,,,,,,,,,,,,,,,,,,,,,,,,,,,,
Green Valley Gardens,"3598 Warschun Rd, Aubrey, TX 76227, USA",33.2982012,-97.0946276,http://gvgntx.com/,"establishment, point_of_interest",ChIJ2Z6Co5NLTIYRO7JbqYEz6Bk,Pending Review,,,,,,,,,,,,,,,,,,,,,,,,,,,,,,,,,,,,,,,,,,,
Tulipalooza field,"400 S Grand Ave, Waxahachie, TX 75165, USA",32.3962797,-96.865032,https://tulipalooza.org/,"establishment, point_of_interest",ChIJB5fqV3jvToYRHaNh6miWF10,Pending Review,,,,,,,,,,,,,,,,,,,,,,,,,,,,,,,,,,,,,,,,,,,
Paper Bird Flower Farm,"5003 Co Rd 644, Farmersville, TX 75442, USA",33.083478,-96.322534,https://www.paperbirdflowerfarm.com/,"establishment, point_of_interest",ChIJe5dFuLn7S4YR-4sBylxs0uY,Pending Review,,,,,,,,,,,,,,,,,,,,,,,,,,,,,,,,,,,,,,,,,,,
Falcon Farms Inc,"1075 S Belt Line Rd Ste 100, Coppell, TX 75019, USA",32.9463078,-96.9940454,https://falconfarms.com/,"establishment, florist, point_of_interest, store",ChIJTRAsK8mgToYRY7KmGd83zhg,Pending Review,,,,,,,,,,,,,,,,,,,,,,,,,,,,,,,,,,,,,,,,,,,
The Flower Ranch,"901 S Pearson Ln, Keller, TX 76248, USA",32.9277778,-97.2027778,http://www.theflowerranch.com/,"establishment, food, point_of_interest, store",ChIJI1CxgPLWTYYRB1LmK3WzWuk,Pending Review,,,,,,,,,,,,,,,,,,,,,,,,,,,,,,,,,,,,,,,,,,,
Dr Delphinium Designs & Events,"5806 W Lovers Ln, Dallas, TX 75225, USA",32.8509831,-96.812794,http://www.drdelphinium.com/,"establishment, florist, food, point_of_interest, store",ChIJ6Z5jzl-eToYRQR79RtlqrdY,Pending Review,,,,,,,,,,,,,,,,,,,,,,,,,,,,,,,,,,,,,,,,,,,
Ruibal's Plants of Texas,"6630 Lemmon Ave, Dallas, TX 75209, USA",32.8389531,-96.8335355,https://ruibals.com/,"establishment, point_of_interest",ChIJC2J474KeToYRdn792Xt_Hos,Pending Review,,,,,,,,,,,,,,,,,,,,,,,,,,,,,,,,,,,,,,,,,,,
Dr Delphinium Flower & Orchid House,"513 W Campbell Rd, Richardson, TX 75080, USA",32.9757614,-96.736763,http://www.drdelphinium.com/,"establishment, florist, point_of_interest, store",ChIJ405CZEUfTIYRxItuv9Z-wjU,Pending Review,,,,,,,,,,,,,,,,,,,,,,,,,,,,,,,,,,,,,,,,,,,
The Botanical Mix,"2000 N Stemmons Fwy, Dallas, TX 75207, USA",32.8032988,-96.8228894,http://www.thebotanicalmix.com/,"establishment, florist, point_of_interest, store",ChIJ6R__yrKeToYRiTzekVwZlXA,Pending Review,,,,,,,,,,,,,,,,,,,,,,,,,,,,,,,,,,,,,,,,,,,
Hemingway Hill,"11656 Co Rd 309, Terrell, TX 75161, USA",32.7208343,-96.2065597,https://hemingwayhill.com/?utm_source=googlemb&utm_medium=organic&utm_campaign=weblink&utm_content=home,"establishment, point_of_interest, store",ChIJaSyILUpFSYYRzsXCzh4GuDg,Pending Review,,,,,,,,,,,,,,,,,,,,,,,,,,,,,,,,,,,,,,,,,,,
Lavon Farms,"3721 Jupiter Rd, Plano, TX 75074, USA",33.0480987,-96.6829357,http://www.lavonfarms.com/,"establishment, point_of_interest",ChIJ0Yo8DJcZTIYR_aiFsfUFTCg,Pending Review,,,,,,,,,,,,,,,,,,,,,,,,,,,,,,,,,,,,,,,,,,,
Taylor Farms Drop Yard,"4720 W Ledbetter Dr, Dallas, TX 75236, USA",32.6903655,-96.9006758,Not listed,"establishment, point_of_interest",ChIJhXpYwhSQToYRhgwAjJRKAg8,Pending Review,,,,,,,,,,,,,,,,,,,,,,,,,,,,,,,,,,,,,,,,,,,
Lucky Layla Farms,"3721 Jupiter Rd, Plano, TX 75074, USA",33.0469706,-96.6831929,http://luckylayla.com/index.php/contact,"establishment, point_of_interest",ChIJy6l2K0YZTIYRC6LEkYNVTuQ,Pending Review,,,,,,,,,,,,,,,,,,,,,,,,,,,,,,,,,,,,,,,,,,,
South Prairie Farm,"4405 Sharpsburg Dr, Grand Prairie, TX 75052, USA",32.6657085,-97.020526,http://www.southprairiefarm.com/,"establishment, point_of_interest",ChIJ1y4RAOKJToYRy0rMSIqhDpA,Pending Review,,,,,,,,,,,,,,,,,,,,,,,,,,,,,,,,,,,,,,,,,,,
Montserrado Farm and Ranch,"508 East Fork Rd, Sunnyvale, TX 75182, USA",32.8218913,-96.5476876,Not listed,"establishment, point_of_interest",ChIJi02oF_mpToYRp4T1pukiA0A,Pending Review,,,,,,,,,,,,,,,,,,,,,,,,,,,,,,,,,,,,,,,,,,,
Pastured Steps Family Farm,"1505 Indian Creek Dr, Midlothian, TX 76065, USA",32.4061705,-97.0099878,http://www.pasturedsteps.com/,"establishment, point_of_interest",ChIJdWdUgsT3ToYRqgOvnMRMhkc,Pending Review,,,,,,,,,,,,,,,,,,,,,,,,,,,,,,,,,,,,,,,,,,,
Cedar Ridge Egg Farm,"12575 Farm Rd 269 S, Pickton, TX 75471, USA",32.99514,-95.3895337,http://www.cedarridgeeggs.com/,"establishment, food, point_of_interest",ChIJkU_gsGsfSoYRU6Tzru4tVEU,Pending Review,,,,,,,,,,,,,,,,,,,,,,,,,,,,,,,,,,,,,,,,,,,
McGreen Acres,"2414 Westmoreland Rd, Red Oak, TX 75154, USA",32.5157792,-96.8712314,https://mcgreenacres.com/,"establishment, food, point_of_interest",ChIJLYk-dvWzToYRXKf2R0-Efpw,Pending Review,,,,,,,,,,,,,,,,,,,,,,,,,,,,,,,,,,,,,,,,,,,
Beannacht Acres LLC,"1651 Easy St, Seagoville, TX 75159, USA",32.621389,-96.536131,Not listed,"bakery, establishment, food, point_of_interest, store",ChIJP0rTWZG3ToYR0rTpOY22fWg,Pending Review,,,,,,,,,,,,,,,,,,,,,,,,,,,,,,,,,,,,,,,,,,,
Local eggs,"2201 Oak Hill Rd, Fort Worth, TX 76112, USA",32.7473721,-97.2254871,Not listed,"establishment, point_of_interest",ChIJP8nUQop7ToYR1wwXkjcfiYo,Pending Review,,,,,,,,,,,,,,,,,,,,,,,,,,,,,,,,,,,,,,,,,,,
New Life Farm,"960 Nokomis Cir, Lancaster, TX 75146, USA",32.567701,-96.7432036,https://m.facebook.com/Newlifefarmtexas/,"establishment, point_of_interest",ChIJazmgxdu_ToYRuZ_TTDUNykM,Pending Review,,,,,,,,,,,,,,,,,,,,,,,,,,,,,,,,,,,,,,,,,,,
Hollyhill Farms,"8523 Thackery St #3305, Dallas, TX 75225, USA",32.8667485,-96.7934908,Not listed,"establishment, point_of_interest",ChIJ1_73XkueToYRIJNOi4puD6I,Pending Review,,,,,,,,,,,,,,,,,,,,,,,,,,,,,,,,,,,,,,,,,,,
JMZ Farms,"2440 Co Rd 3840, Bridgeport, TX 76426, USA",33.096311,-97.9074834,http://jmzfarms.com/,"establishment, food, point_of_interest",ChIJKcdFb4_VTYYRFlb2bhFiaJQ,Pending Review,,,,,,,,,,,,,,,,,,,,,,,,,,,,,,,,,,,,,,,,,,,
Prairie Farmstead,"4617 Farmington Rd, Sherman, TX 75092, USA",33.5802431,-96.6355448,https://prairiefarmstead.eatfromfarms.com/,"establishment, point_of_interest",ChIJI2FCwkNjTIYRMZQTsR8EINQ,Pending Review,,,,,,,,,,,,,,,,,,,,,,,,,,,,,,,,,,,,,,,,,,,
Cox Farms Market - Dallas,"778 Fort Worth Ave, Dallas, TX 75208, USA",32.7700008,-96.8352525,http://coxfarmsmarket.com/,"establishment, food, grocery_or_supermarket, point_of_interest, store",ChIJw_Yvc9ibToYRgqqbCf7gIl8,Pending Review,,,,,,,,,,,,,,,,,,,,,,,,,,,,,,,,,,,,,,,,,,,
Sunnyvale Honey Producers,"235 Barnes Bridge Rd, Sunnyvale, TX 75182, USA",32.826936,-96.5843064,http://sunnyvalehoney.com/,"establishment, point_of_interest",ChIJe8vaZRumToYRo1I03WEP98g,Pending Review,,,,,,,,,,,,,,,,,,,,,,,,,,,,,,,,,,,,,,,,,,,
Honey Bee Rescue,"4535 Allencrest Ln, Dallas, TX 75244, USA",32.9112546,-96.8298506,https://www.thebeerescue.com/,"establishment, point_of_interest",ChIJU8FjmHshTIYRWp-ny76wfcY,Pending Review,,,,,,,,,,,,,,,,,,,,,,,,,,,,,,,,,,,,,,,,,,,
Lazy SO Bees,"4817 Tremont St, Dallas, TX 75246, USA",32.7973206,-96.7678096,Not listed,"establishment, point_of_interest",ChIJa08qrP3AGU4RiacbAAU7FjQ,Pending Review,,,,,,,,,,,,,,,,,,,,,,,,,,,,,,,,,,,,,,,,,,,
Little Giant Beekeepers & Bee Removal Specialists,"15150 Preston Rd #300, Dallas, TX 75248, USA",32.9549074,-96.8036131,https://littlegiantbeekeepers.com/?utm_source=gmb&utm_medium=organic&utm_campaign=Maps,"establishment, point_of_interest",ChIJXZVrgsAhTIYRaQX-oj6pf2w,Pending Review,,,,,,,,,,,,,,,,,,,,,,,,,,,,,,,,,,,,,,,,,,,
Heavenly Honey,"3801 Glade Rd, Colleyville, TX 76034, USA",32.8815838,-97.1084869,http://www.sfantamaria-dallas.org/,"establishment, point_of_interest",ChIJZ6tTVgB5ToYRpnJtCF9M0iY,Pending Review,,,,,,,,,,,,,,,,,,,,,,,,,,,,,,,,,,,,,,,,,,,
Hive Riot Honey Company,"8910 Indian Knoll Trail, Keller, TX 76248, USA",32.9142299,-97.2014085,http://www.hiveriothoney.com/,"establishment, point_of_interest",ChIJ923XOovXTYYRvSjmcxZ770E,Pending Review,,,,,,,,,,,,,,,,,,,,,,,,,,,,,,,,,,,,,,,,,,,
Monarch Meadows Local Honey,"2500 Edwards Church Rd, Mesquite, TX 75181, USA",32.7311736,-96.5470294,Not listed,"establishment, point_of_interest",ChIJi9YeSQCvToYRgpAqn8vaPUE,Pending Review,,,,,,,,,,,,,,,,,,,,,,,,,,,,,,,,,,,,,,,,,,,
Hidden Honey Farm,"7241 FM 1387, Waxahachie, TX 75167, USA",32.4884744,-96.9020426,Not listed,"establishment, point_of_interest",ChIJ3WIDiXTtToYRGUp4oQ0dfPA,Pending Review,,,,,,,,,,,,,,,,,,,,,,,,,,,,,,,,,,,,,,,,,,,
Texas Honey Farms,"105 Margaret St, Fate, TX 75189, USA",32.9305438,-96.3663001,https://texashoneyfarms.com/,"establishment, point_of_interest",ChIJNdOjoYz_S4YRvRIIB11IFGQ,Pending Review,,,,,,,,,,,,,,,,,,,,,,,,,,,,,,,,,,,,,,,,,,,
Sabine Creek Honey Farm,"22326 Co Rd 638, Royse City, TX 75189, USA",33.0393323,-96.3168767,http://www.sabinecreekhoney.com/,"establishment, point_of_interest",ChIJFxFC2tv7S4YRtH3d5U6seLY,Pending Review,,,,,,,,,,,,,,,,,,,,,,,,,,,,,,,,,,,,,,,,,,,
Trinity Valley Beekeepers Association,"4849 W Lawther Dr, Dallas, TX 75214, USA",32.8541431,-96.7309776,https://www.tvbees.org/,"establishment, point_of_interest",ChIJwSYCN2qhToYRXS8EJUuAn9E,Pending Review,,,,,,,,,,,,,,,,,,,,,,,,,,,,,,,,,,,,,,,,,,,
Honey Apple Farm,"128 W Dallas St, Canton, TX 75103, USA",32.5567942,-95.8636857,https://honeyapplefarm.com/,"bar, establishment, point_of_interest, store",ChIJKWXNjeOnSYYRkOiBIMfE6SQ,Pending Review,,,,,,,,,,,,,,,,,,,,,,,,,,,,,,,,,,,,,,,,,,,
Little Giant Beekeepers & Bee Removal Specialists,"4851 Cedar Springs Rd #288, Dallas, TX 75219, USA",32.8197731,-96.8217455,https://littlegiantbeekeepers.com/?utm_source=gmb&utm_medium=organic&utm_campaign=Maps,"establishment, point_of_interest",ChIJxR7qpESfToYRXMgiH_w2WB8,Pending Review,,,,,,,,,,,,,,,,,,,,,,,,,,,,,,,,,,,,,,,,,,,
North Texas Pecan,"902 S Harwood St, Dallas, TX 75201, USA",32.7776254,-96.7908073,Not listed,"establishment, food, point_of_interest, store",ChIJCysAClKZToYRHC6IVWCA4V4,Pending Review,,,,,,,,,,,,,,,,,,,,,,,,,,,,,,,,,,,,,,,,,,,
Hachie Honey,"207 Rock Springs Dr, Waxahachie, TX 75165, USA",32.4222989,-96.8108805,https://hachiehoney.com/,"establishment, point_of_interest",ChIJr_kFtGjpToYRl_Rxx2yk4hk,Pending Review,,,,,,,,,,,,,,,,,,,,,,,,,,,,,,,,,,,,,,,,,,,
RTX honeybees,"941 Sugarberry Dr, Coppell, TX 75019, USA",32.9686448,-96.9631312,https://rtxhoneybees.com/,"establishment, point_of_interest",ChIJS0mz5lEpTIYRXCnWjqrptIo,Pending Review,,,,,,,,,,,,,,,,,,,,,,,,,,,,,,,,,,,,,,,,,,,
Mushroom Street Farms,"2929 Elm St, Dallas, TX 75226, USA",32.7853488,-96.7813104,https://mushroom.st/,"establishment, food, point_of_interest, store",ChIJybqgRw2ZToYRgbFjMpkX81Y,Pending Review,,,,,,,,,,,,,,,,,,,,,,,,,,,,,,,,,,,,,,,,,,,
Texas Fungus,"3201 E Pioneer Pkwy #9, Arlington, TX 76010, USA",32.7129929,-97.050117,http://www.texasfungus.com/,"establishment, point_of_interest",ChIJkSAcMuF9ToYRN8tQ0GG3sYY,Pending Review,,,,,,,,,,,,,,,,,,,,,,,,,,,,,,,,,,,,,,,,,,,
Mushroom Street Farms,"8001 Valcasi Dr Ste 101, Arlington, TX 76001, USA",32.6155556,-97.1580556,https://www.mushroom.st/,"establishment, food, health, point_of_interest, store",ChIJt75Sy5thToYRVN6Qe0QLfzY,Pending Review,,,,,,,,,,,,,,,,,,,,,,,,,,,,,,,,,,,,,,,,,,,
Thomas Mushroom & Specialty Produce,"1704 Orleans St, Dallas, TX 75226, USA",32.777879,-96.7791074,http://www.thomasmushrooms.com/,"establishment, food, point_of_interest",ChIJydYj7uGYToYR4eno2MA0SDU,Pending Review,,,,,,,,,,,,,,,,,,,,,,,,,,,,,,,,,,,,,,,,,,,
Mak Mushrooms Texas,"1704 Orleans St, Dallas, TX 75226, USA",32.7778807,-96.7791244,https://www.makmushrooms.com/,"establishment, food, point_of_interest",ChIJE6OYkZmZToYRgPAmD1TZyqs,Pending Review,,,,,,,,,,,,,,,,,,,,,,,,,,,,,,,,,,,,,,,,,,,
FNG Mushroom Company LLC,"2433 Co Rd 330, McKinney, TX 75071, USA",33.1985011,-96.5740653,http://fngmushrooms.com/,"establishment, food, point_of_interest",ChIJKdCgQ6QNTIYRXbtju2rP-_w,Pending Review,,,,,,,,,,,,,,,,,,,,,,,,,,,,,,,,,,,,,,,,,,,
Midnight Mushroom Co.,"5001 FM1187 Ste 250, Burleson, TX 76028, USA",32.5806028,-97.2544954,https://www.midnightmushroomco.com/,"establishment, point_of_interest",ChIJqymgFqFrToYRMq-Bm60IJ2A,Pending Review,,,,,,,,,,,,,,,,,,,,,,,,,,,,,,,,,,,,,,,,,,,
Appreciation Mushrooms,"1060 W Campbell Rd, Richardson, TX 75080, USA",32.9788301,-96.7573871,Not listed,"establishment, point_of_interest",ChIJ13NPs_shTIYR1N6zCUbNBQ4,Pending Review,,,,,,,,,,,,,,,,,,,,,,,,,,,,,,,,,,,,,,,,,,,
Campbell Farms,"632 Campbell Rd, Maypearl, TX 76064, USA",32.3474214,-97.0146085,Not listed,"establishment, point_of_interest",ChIJh_NYQVL3ToYRM3hL0-4QdNo,Pending Review,,,,,,,,,,,,,,,,,,,,,,,,,,,,,,,,,,,,,,,,,,,
Dallas South Mill Distribution,"1811 S Harwood St, Dallas, TX 75215, USA",32.7731718,-96.7851565,http://southmill.com/,"establishment, point_of_interest",ChIJv4VG6eSYToYRoNGEww-T5bo,Pending Review,,,,,,,,,,,,,,,,,,,,,,,,,,,,,,,,,,,,,,,,,,,
Dryad Grove,"231 Rambling Loop, Weatherford, TX 76087, USA",32.7911054,-97.709043,https://www.dryadgrove.farm/,"establishment, point_of_interest",ChIJcWvTaiMBToYRmeacaB89tNY,Pending Review,,,,,,,,,,,,,,,,,,,,,,,,,,,,,,,,,,,,,,,,,,,
Kitchen Pride Mushroom Farms,"1034 Co Rd 348, Gonzales, TX 78629, USA",29.479882,-97.378278,http://www.kitchenpridemushrooms.com/,"establishment, point_of_interest",ChIJ56KMRJMWQ4YR862wPj68txY,Pending Review,,,,,,,,,,,,,,,,,,,,,,,,,,,,,,,,,,,,,,,,,,,
Morney Berry Farm,"9455 Lancaster Hutchins Rd, Dallas, TX 75241, USA",32.6357081,-96.729368,https://morneyberryfarm.org/,"establishment, point_of_interest",ChIJLWfaqwC9ToYRi2Q0Y8skpyM,Pending Review,,,,,,,,,,,,,,,,,,,,,,,,,,,,,,,,,,,,,,,,,,,
"Emory Market Gardens, LLC.","4020 FM 515, Emory, TX 75440, USA",32.8744613,-95.6800433,https://www.emorymarketgardens.com/,"establishment, point_of_interest",ChIJUelJuRWBSYYRCweEff9tCJg,Pending Review,,,,,,,,,,,,,,,,,,,,,,,,,,,,,,,,,,,,,,,,,,,
Enchanted Mushrooms,"1101 Pine St, Llano, TX 78643, USA",30.7471208,-98.6648072,http://enchantedmushrooms.farm/?utm_source=gmb&utm_medium=referral,"establishment, point_of_interest",ChIJk9juKDVPWoYRNSN-3lJ3Qts,Pending Review,,,,,,,,,,,,,,,,,,,,,,,,,,,,,,,,,,,,,,,,,,,
"ANM'S FARM, LLC","4024 S State Hwy 78, Wylie, TX 75098, USA",33.0268839,-96.4860613,https://anmsfarm.com/,"establishment, food, point_of_interest, store",ChIJacihFpkGTIYRp3e9q-BuYGw,Pending Review,,,,,,,,,,,,,,,,,,,,,,,,,,,,,,,,,,,,,,,,,,,
Pips Micro Farm,"103 Sleepy Hollow Dr, Fate, TX 75189, USA",32.9323141,-96.3601405,http://pipsmicrofarm.com/,"bakery, establishment, food, point_of_interest, store",ChIJM6Hg5tX_S4YR095mAEROSrU,Pending Review,,,,,,,,,,,,,,,,,,,,,,,,,,,,,,,,,,,,,,,,,,,
Stonebranch Microfarm,"7114 Co Rd 971, Celina, TX 75009, USA",33.3156992,-96.6275543,Not listed,"establishment, point_of_interest",ChIJ4XvGigZtTIYRG9QgA6tkfnY,Pending Review,,,,,,,,,,,,,,,,,,,,,,,,,,,,,,,,,,,,,,,,,,,
UT Microfarm,"215 W 51st St, Austin, TX 78751, USA",30.3146537,-97.7259401,https://utenvironment.org/projects/microfarm/,"establishment, point_of_interest",ChIJz0xU9JO1RIYRb8OHZ3_VHq8,Pending Review,,,,,,,,,,,,,,,,,,,,,,,,,,,,,,,,,,,,,,,,,,,
Micro Family Farms,"14982 County Rd 1261, Flint, TX 75762, USA",32.2331873,-95.4188054,http://www.microfamilyfarms.com/,"establishment, general_contractor, point_of_interest",ChIJm1ijKR5LSIYRQwqifVlhOSY,Pending Review,,,,,,,,,,,,,,,,,,,,,,,,,,,,,,,,,,,,,,,,,,,
Dubble H Micro Farm,"14732 Cleburne Hwy, Cresson, TX 76035, USA",32.5666953,-97.674841,Not listed,"establishment, point_of_interest",ChIJUR4RPvoZToYRYP4a_z-ttqY,Pending Review,,,,,,,,,,,,,,,,,,,,,,,,,,,,,,,,,,,,,,,,,,,
Pure Land Farm,"7505 Co Rd 201, McKinney, TX 75071, USA",33.2716644,-96.6461263,http://purelandorganic.com/,"establishment, point_of_interest",ChIJDQKcZrdsTIYRHHNioTODxSI,Pending Review,,,,,,,,,,,,,,,,,,,,,,,,,,,,,,,,,,,,,,,,,,,
Mill City Teaching Farm,"4719 Collins Ave, Dallas, TX 75210, USA",32.777228,-96.742197,https://www.millcityteachingfarm.com/,"establishment, point_of_interest",ChIJ0dWKGnGiToYRy3bBZ01qZvQ,Pending Review,,,,,,,,,,,,,,,,,,,,,,,,,,,,,,,,,,,,,,,,,,,
Texas A&M AgriLife Research and Extension Center at Dallas,"17360 Coit Rd, Dallas, TX 75252, USA",32.9873147,-96.7668194,https://dallas.tamu.edu/,"establishment, point_of_interest",ChIJpUpeif8hTIYR_B67235iRu0,Pending Review,,,,,,,,,,,,,,,,,,,,,,,,,,,,,,,,,,,,,,,,,,,
HOPE Farm - South Dallas,"1825 South Blvd, Dallas, TX 75215, USA",32.7638566,-96.7771966,http://www.hopefarm.org/,"establishment, point_of_interest",ChIJdQj5CNCZToYRz_XcVk6YYdM,Pending Review,,,,,,,,,,,,,,,,,,,,,,,,,,,,,,,,,,,,,,,,,,,
Dallas County Master Gardeners,"6820 Lyndon B Johnson Fwy Ste 3200, Dallas, TX 75230, USA",32.9239341,-96.7874098,http://www.dallascountymastergardeners.org/,"establishment, general_contractor, point_of_interest, school",ChIJI2pn2fKdToYRMFpX6hPxlZM,Pending Review,,,,,,,,,,,,,,,,,,,,,,,,,,,,,,,,,,,,,,,,,,,
Quail Haven Urban Farm,,32.75,-97.21,,,,,localharvest.org/quail-haven-urban-farm-M80332,,,,,,,,,,,,,,,,,,,,,,,,,,,,,,,,,,,,,,,,,,
JJJM Grass Fed Beef,"Location: 1500 Cottonwood Dr Celina, TX 75009",33.2729721,-96.8063748,,,,,localharvest.org/jjjm-grass-fed-beef-M71256,,,,,,,,,,,,,,,,,,,,,,,,,,,,,,,,,,,,,,,,,,
Penny's Pastured Poultry,"Location: 18647 County Road 2529 Eustace, TX 75124",32.2919866,-96.0932415,,,,,localharvest.org/pennys-pastured-poultry-M74044,,,,,,,,,,,,,,,,,,,,,,,,,,,,,,,,,,,,,,,,,,
Foster Farm Grass Fed/ Grass Finished Beef,"Location: 6523 Matlock Rd. Granbury, TX 76049",32.4119264,-97.6581394,,,,,localharvest.org/foster-farm-grass-fed-grass-finished-beef-M71211,,,,,,,,,,,,,,,,,,,,,,,,,,,,,,,,,,,,,,,,,,
Alford Family Farm,"Location: 199 Private Road 6181 Emory, TX 75440",32.8504318,-95.7463568,,,,,localharvest.org/alford-family-farm-M71284,,,,,,,,,,,,,,,,,,,,,,,,,,,,,,,,,,,,,,,,,,
P.O.P. Acres,"Location: 8040 FM 642 Purdon, TX 76679",31.9490462,-96.6166545,,,,,localharvest.org/p-o-p-acres-M18186,,,,,,,,,,,,,,,,,,,,,,,,,,,,,,,,,,,,,,,,,,
"Parish Custom Beef, LLC","Location: 3077 Pleasant Valley Road Mineral Wells, TX 76067",32.7481097,-98.2168845,,,,,localharvest.org/parish-custom-beef-llc-M75843,,,,,,,,,,,,,,,,,,,,,,,,,,,,,,,,,,,,,,,,,,
Bee Space Apiaries,,33.03,-96.59,,,,,localharvest.org/bee-space-apiaries-M84147,,,,,,,,,,,,,,,,,,,,,,,,,,,,,,,,,,,,,,,,,,
Ginger McMillan,"Location: 118 Stainback ct. RED OAK, TX 75154",32.5405375,-96.7206021,,,,,localharvest.org/ginger-mcmillan-M70686,,,,,,,,,,,,,,,,,,,,,,,,,,,,,,,,,,,,,,,,,,
KaJiN Farm,"Location: 3221 CR 2508 Caddo Mills, TX 75135",32.99619750000001,-96.2159245,,,,,localharvest.org/kajin-farm-M23761,,,,,,,,,,,,,,,,,,,,,,,,,,,,,,,,,,,,,,,,,,
Meat Goats in DFW,,32.44,-97.19,,,,,localharvest.org/meat-goats-in-dfw-M83848,,,,,,,,,,,,,,,,,,,,,,,,,,,,,,,,,,,,,,,,,,
Cluckers Creek LLC,,32.31,-96.91,,,,,localharvest.org/cluckers-creek-llc-M85607,,,,,,,,,,,,,,,,,,,,,,,,,,,,,,,,,,,,,,,,,,
Farmer Ranch,,32.46,-96.18,,,,,localharvest.org/farmer-ranch-M86095,,,,,,,,,,,,,,,,,,,,,,,,,,,,,,,,,,,,,,,,,,
Dos Lobos Ranch LLC,,33.1,-97.52,,,,,localharvest.org/dos-lobos-ranch-llc-M85062,,,,,,,,,,,,,,,,,,,,,,,,,,,,,,,,,,,,,,,,,,
Dalusa Organic Ranch,"Location: 2755 Rains Cty Rd 1490 Point, TX 75472",32.9315089,-95.8713542,,,,,localharvest.org/dalusa-organic-ranch-M46041,,,,,,,,,,,,,,,,,,,,,,,,,,,,,,,,,,,,,,,,,,
Good Earth Organic Farm,"Location: 8571 FM 272 Celeste, TX 75423",33.2942917,-96.1952061,,,,,localharvest.org/good-earth-organic-farm-M404,,,,,,,,,,,,,,,,,,,,,,,,,,,,,,,,,,,,,,,,,,
Happy Life Ranch- Texas Edition,,32.21,-96.25,,,,,localharvest.org/happy-life-ranch-texas-edition-M86462,,,,,,,,,,,,,,,,,,,,,,,,,,,,,,,,,,,,,,,,,,
Big G Wagyu Beef,,32.02,-97.06,,,,,localharvest.org/big-g-wagyu-beef-M85999,,,,,,,,,,,,,,,,,,,,,,,,,,,,,,,,,,,,,,,,,,
Star Ranch,,32.9,-97.79,,,,,localharvest.org/star-ranch-M84898,,,,,,,,,,,,,,,,,,,,,,,,,,,,,,,,,,,,,,,,,,
Southspoon Farms,"Location: 775 CR 1441 Yantis, TX 75497",32.9303985,-95.5749558,,,,,localharvest.org/southspoon-farms-M76455,,,,,,,,,,,,,,,,,,,,,,,,,,,,,,,,,,,,,,,,,,
Merry Meadows,,33.95,-96.62,,,,,localharvest.org/merry-meadows-M86011,,,,,,,,,,,,,,,,,,,,,,,,,,,,,,,,,,,,,,,,,,
Four Winds Ranch,,33.78,-96.02,,,,,localharvest.org/four-winds-ranch-M81149,,,,,,,,,,,,,,,,,,,,,,,,,,,,,,,,,,,,,,,,,,
Hawkins Organic,"Location: 379 CR 3425 Hawkins, TX 75765",32.5978933,-95.2328189,,,,,localharvest.org/hawkins-organic-M54719,,,,,,,,,,,,,,,,,,,,,,,,,,,,,,,,,,,,,,,,,,
Caddo Springs Farm,,32.05,-95.51,,,,,localharvest.org/caddo-springs-farm-M83978,,,,,,,,,,,,,,,,,,,,,,,,,,,,,,,,,,,,,,,,,,
Fisher Family Farm & Ranch,"Location: Main St Dallas, TX 75201",32.7823239,-96.7912838,,,,,localharvest.org/fisher-family-farm-ranch-M61417,,,,,,,,,,,,,,,,,,,,,,,,,,,,,,,,,,,,,,,,,,
Bonton Farm-Works,"Location: 6905 Valentine St. Dallas, TX 75215",32.74189,-96.7493687,,,,,localharvest.org/bonton-farm-works-M65774,,,,,,,,,,,,,,,,,,,,,,,,,,,,,,,,,,,,,,,,,,
The Log House Farm,"Location: 7814 Forney Rd Dallas, TX 75227",32.7776617,-96.6865706,,,,,localharvest.org/the-log-house-farm-M50371,,,,,,,,,,,,,,,,,,,,,,,,,,,,,,,,,,,,,,,,,,
Texas Worm Ranch,"Location: 2636 National Circle Garland, TX 75041",32.8843697,-96.6731427,,,,,localharvest.org/texas-worm-ranch-M35086,,,,,,,,,,,,,,,,,,,,,,,,,,,,,,,,,,,,,,,,,,
Urban Farm Co. by Dallas Urban Farms,"Location: 3939 South Polk Street #511 Dallas, TX 75224",32.6968694,-96.8405856,,,,,localharvest.org/urban-farm-co-by-dallas-urban-farms-M66941,,,,,,,,,,,,,,,,,,,,,,,,,,,,,,,,,,,,,,,,,,
Blooms Because,,32.97,-96.88,,,,,localharvest.org/blooms-because-M83539,,,,,,,,,,,,,,,,,,,,,,,,,,,,,,,,,,,,,,,,,,
All Things Flowers,,32.66,-96.76,,,,,localharvest.org/all-things-flowers-M85138,,,,,,,,,,,,,,,,,,,,,,,,,,,,,,,,,,,,,,,,,,
Candy Girl Chicks & Livestock,"Location: 1900 W Wintergreen Hutchins, TX 75141",32.6212822,-96.720664,,,,,localharvest.org/candy-girl-chicks-livestock-M71115,,,,,,,,,,,,,,,,,,,,,,,,,,,,,,,,,,,,,,,,,,
Earth Healthy,"Location: N Westmoreland Rd 2010 Desoto, TX 75115",32.6283704,-96.8743237,,,,,localharvest.org/earth-healthy-M72493,,,,,,,,,,,,,,,,,,,,,,,,,,,,,,,,,,,,,,,,,,
Forest's Farms,"Location: 220 Crystal Ct Heath, TX 75032",32.83826120000001,-96.4974592,,,,,localharvest.org/forests-farms-M19383,,,,,,,,,,,,,,,,,,,,,,,,,,,,,,,,,,,,,,,,,,
Speedy Sprout Farms,,32.68,-97.03,,,,,localharvest.org/speedy-sprout-farms-M80894,,,,,,,,,,,,,,,,,,,,,,,,,,,,,,,,,,,,,,,,,,
Red Goat Gardens,"Location: 3908 Sycamore Lane Parker, TX 75002",33.05412099999999,-96.6525391,,,,,localharvest.org/red-goat-gardens-M49317,,,,,,,,,,,,,,,,,,,,,,,,,,,,,,,,,,,,,,,,,,
Chapman 3C Cattle Company,"Location: 4513 W FM 219 Hico, TX 76457",31.9139846,-98.1584193,,,,,localharvest.org/chapman-3c-cattle-company-M75349,,,,,,,,,,,,,,,,,,,,,,,,,,,,,,,,,,,,,,,,,,
Gold Nugget Farm,,32.22,-98.47,,,,,localharvest.org/gold-nugget-farm-M82022,,,,,,,,,,,,,,,,,,,,,,,,,,,,,,,,,,,,,,,,,,
Prairie Sky Farm,"Location: 4801 Kelly Road Aledo, TX 76008",32.6102985,-97.5778374,,,,,localharvest.org/prairie-sky-farm-M56113,,,,,,,,,,,,,,,,,,,,,,,,,,,,,,,,,,,,,,,,,,
Little Dub Farm,"Location: 4901 Kelly Road Fort Worth, TX 76126",32.6086149,-97.575687,,,,,localharvest.org/little-dub-farm-M60055,,,,,,,,,,,,,,,,,,,,,,,,,,,,,,,,,,,,,,,,,,
Nine Mile Farm - Fresh Duck Eggs,"Location: 7190 Nine Mile Bridge Road Fort Worth, TX 76135",32.838466,-97.519703,,,,,localharvest.org/nine-mile-farm-fresh-duck-eggs-M66339,,,,,,,,,,,,,,,,,,,,,,,,,,,,,,,,,,,,,,,,,,
Broken Paddle Farm,"Location: Ten Mile Bridge rd Fort Worth, TX 76135-2124",32.8386566,-97.435663,,,,,localharvest.org/broken-paddle-farm-M71748,,,,,,,,,,,,,,,,,,,,,,,,,,,,,,,,,,,,,,,,,,
"HFW Beef, LLC","Location: 2542 Hwy 240 Wichita Falls, TX 76136",34.0890146,-98.71194570000002,,,,,localharvest.org/hfw-beef-llc-M22596,,,,,,,,,,,,,,,,,,,,,,,,,,,,,,,,,,,,,,,,,,
Roman Heritage Farms,"Location: 269 W Hwy 171 Godley, TX 76044",32.4431842,-97.5351309,,,,,localharvest.org/roman-heritage-farms-M71517,,,,,,,,,,,,,,,,,,,,,,,,,,,,,,,,,,,,,,,,,,
Adobe Farm,"Location: 2526 Hayley Drive Weatherford, TX 76085",32.7908683,-97.7217403,,,,,localharvest.org/adobe-farm-M51609,,,,,,,,,,,,,,,,,,,,,,,,,,,,,,,,,,,,,,,,,,
Twinstone Ranch,,32.51,-97.22,,,,,localharvest.org/twinstone-ranch-M81797,,,,,,,,,,,,,,,,,,,,,,,,,,,,,,,,,,,,,,,,,,
Udderly Free Range,"Location: 124 Remington Lane Weatherford, TX 76085",32.8800132,-97.6500057,,,,,localharvest.org/udderly-free-range-M65445,,,,,,,,,,,,,,,,,,,,,,,,,,,,,,,,,,,,,,,,,,
Mushroom Street Farms,,32.62,-97.16,,,,,localharvest.org/mushroom-street-farms-M85118,,,,,,,,,,,,,,,,,,,,,,,,,,,,,,,,,,,,,,,,,,
Ewe Got It Farm,"Location: 4224 C.R. 801 Joshua , TX 76058",32.4615291,-97.3880731,,,,,localharvest.org/ewe-got-it-farm-M67507,,,,,,,,,,,,,,,,,,,,,,,,,,,,,,,,,,,,,,,,,,
Giselle Borges,,32.72,-97.15,,,,,localharvest.org/giselle-borges-M83920,,,,,,,,,,,,,,,,,,,,,,,,,,,,,,,,,,,,,,,,,,
Sendero Brothers All Natural Grassfed Texas Beef,"Location: 2714 Buffalo Dr. Arlington, TX 76013",32.7322144,-97.1534161,,,,,localharvest.org/sendero-brothers-all-natural-grassfed-texas-beef-M34329,,,,,,,,,,,,,,,,,,,,,,,,,,,,,,,,,,,,,,,,,,
DFW Organic Growing,"Location: 10027 Harmon Rd ste 125 Fort Worth, TX 76177-7314",32.920845,-97.3334091,,,,,localharvest.org/dfw-organic-growing-M76552,,,,,,,,,,,,,,,,,,,,,,,,,,,,,,,,,,,,,,,,,,
Walnut Creek Farm,"Location: 6529 Asher Road Alvarado, TX 76009",32.4477094,-97.2412815,,,,,localharvest.org/walnut-creek-farm-M61206,,,,,,,,,,,,,,,,,,,,,,,,,,,,,,,,,,,,,,,,,,
C&B Fleece Fur and Feathers,"Location: 11429 Ridgeview Circle Ft Worth, TX 76244",32.9413479,-97.2881548,,,,,localharvest.org/c-b-fleece-fur-and-feathers-M32794,,,,,,,,,,,,,,,,,,,,,,,,,,,,,,,,,,,,,,,,,,
La Casa Verde,"Location: 802 W. Spring St. Weatherford, TX 76086",32.7608137,-97.8087567,,,,,localharvest.org/la-casa-verde-M54090,,,,,,,,,,,,,,,,,,,,,,,,,,,,,,,,,,,,,,,,,,
Florence Ranch,,32.82394880956999,-96.61743682649104,,,,,,701979523.0,farmland,Dallas,113.0,1424,Barnes Bridge Road,Mesquite,75150.0,"1424 Barnes Bridge Rd, Mesquite, TX 75150, USA",,,,,,,,,,,,,,,,,,,,,,,,,,,,,,,,,
,,32.95683497639892,-96.77685271388692,,,,,,702541181.0,allotments,Dallas,113.0,7667,Roundrock Road,Dallas,75248.0,"7667 Roundrock Rd, Dallas, TX 75248, USA",,,,,,,,,,,,,,,,,,,,,,,,,,,,,,,,,
Fisher Family Farm & Ranch,", Dallas , Texas 75220",32.8621631,-96.8726295,,,,,,,,113,,,,,,,0.0,32.8621631,-96.8726295,27590555914097.0,48113.0,48.0,,,,,,,,,,,,,,,,,,,,,,,,,,,
For Oak Cliff Farmers Market,"907 East Ledbetter Drive, Dallas, TX, USA",32.6845583,-96.8117815,,,,,,,,113,,,,,,,6.0,32.6845583,-96.8117815,27590555914097.0,48113.0,48.0,,,,,,,,,,,,,,,,,,,,,,,,,,,
Walnut Hollow Farms,,32.7779765,-96.7962148,,,,,,,,113,,,,,,,11.0,32.7779765,-96.7962148,27590555914097.0,48113.0,48.0,,,,,,,,,,,,,,,,,,,,,,,,,,,
Honey's Acres Farm,"1350 Stoney Creek Dr, Cedar Hill, Texas 75104",32.561252,-96.937545,,,,,,,,113,,,,,,,5.0,32.561252,-96.937545,27590555914097.0,48113.0,48.0,,,,,,,,,,,,,,,,,,,,,,,,,,,
Dallas County,,32.8943,-96.8856,,,,,,,,Dallas,,,,"Dallas, TX",,,,32.8943,-96.8856,,,,,Dragon City Farms,2435 Walnut Ridge Street,75229.0,,6/29/26,https://dragoncityfarms.com,POINT (-96.8856 32.8943),1.0,G4020,27590555914097.0,48113.0,48.0,113.0,1383842.0,Dallas,Dallas County,6.0,A,H1,2261553244.0,91821724.0,1563.0,32.7664847,-96.7777649,32.7669866,-96.7784238
Dallas County,,32.8123,-96.6578,,,,,,,,Dallas,,,,"Dallas, TX",,,,32.8123,-96.6578,,,,,GROW North Texas,1451 John West Rd,75228.0,,6/29/26,http://www.grownorthtexas.org,POINT (-96.6578 32.8123),1.0,G4020,27590555914097.0,48113.0,48.0,113.0,1383842.0,Dallas,Dallas County,6.0,A,H1,2261553244.0,91821724.0,1563.0,32.7664847,-96.7777649,32.7669866,-96.7784238
Dallas County,,32.7681,-96.7325,,,,,,,,Dallas,,,,"Dallas, TX",,,,32.7681,-96.7325,,,,,Restorative Farms,4500 Todd Street,75210.0,,6/29/26,https://www.restorativefarms.org,POINT (-96.7325 32.7681),1.0,G4020,27590555914097.0,48113.0,48.0,113.0,1383842.0,Dallas,Dallas County,6.0,A,H1,2261553244.0,91821724.0,1563.0,32.7664847,-96.7777649,32.7669866,-96.7784238
Dallas County,,32.79003147,-96.69194687,,,,,,,,Dallas,,,,"Dallas, TX",,,,32.79003147,-96.69194687,,,,,Sustainable Stems,7017 Pickrell Dr,75227.0,,6/29/26,https://sustainablestemsdfw.com,POINT (-96.69194687 32.79003147),1.0,G4020,27590555914097.0,48113.0,48.0,113.0,1383842.0,Dallas,Dallas County,6.0,A,H1,2261553244.0,91821724.0,1563.0,32.7664847,-96.7777649,32.7669866,-96.7784238
Dallas Half Acre Farm,"13608 Fernheath Ln, Dallas, TX 75253",32.6907239479352,-96.58058119175,,,,,,,,,,,,,,,,32.6907239479352,-96.58058119175,,,,,,,,,,,,,,,,,,,,,,,,,,,,,,
Grozilla,3921 Martin Luther King Jr Blvd Dallas TX 75210,32.7765887537994,-96.758879743327,,,,,,,,,,,,,,,,32.7765887537994,-96.758879743327,,,,,,,,,,,,,,,,,,,,,,,,,,,,,,
"Liberty Street Garden, at The Meadows Foundation","510 Liberty St, Dallas, TX 75204",32.7890155651215,-96.7856383673854,,,,,,,,,,,,,,,,32.7890155651215,-96.7856383673854,,,,,,,,,,,,,,,,,,,,,,,,,,,,,,
Owenwood Farm & Community Garden,"1451 John West Rd, Dallas, Texas, 75228",32.8080379212171,-96.6928199993651,,,,,,,,,,,,,,,,32.8080379212171,-96.6928199993651,,,,,,,,,,,,,,,,,,,,,,,,,,,,,,
"WE over Me Farm, at Paul Quinn College","3837 Simpson Stuart Rd, Dallas, Texas, 75241",32.6805389449524,-96.7518348343656,,,,,,,,,,,,,,,,32.6805389449524,-96.7518348343656,,,,,,,,,,,,,,,,,,,,,,,,,,,,,,
Cultivated Chicks,"1832 Glenn Lane, Glenn Heights, TX 75154",32.5555583,-96.8515583,,,,,,,,,,,,,,,,32.5555583,-96.8515583,,,,,,,,,,,,,,,,,,,,,,,,,,,,,,
